id,name,desc,str1,str2,str3,str4,str5,str6,str7,str8,str9,str10,str11,str12,str13,str14,str15,str16
100200289,黒陽竜イリオス,"このカード名の①②の効果はそれぞれ１ターンに１度しか使用できない。
①：このカードが手札に存在する場合、ＥＸデッキの攻撃力３０００以上のドラゴン族モンスター３体を相手に見せて発動できる（同名カードは１枚まで）。
このカードを特殊召喚する。
②：このカードが墓地へ送られた場合、自分フィールドのドラゴン族の融合・Ｓ・Ｘ・Ｌモンスター１体を対象として発動できる（この発動に対してお互いは効果を発動できない）。
このターン、相手はそのモンスターを効果の対象にできない。",特殊召喚,耐性を付与,{ＣＡＲＤ}の効果が適用中。,,,,,,,,,,,,,
100200290,運命の盤上,"このカード名のカードは１ターンに１枚しか発動できない。
このカードは手札の通常モンスター１体を相手に見せ、セットしたターンに発動する事もできる。
①：自分の手札・墓地から通常モンスターを５体まで攻撃表示で特殊召喚する。このカードの発動後、ターン終了時まで自分はＥＸデッキからモンスターを特殊召喚できない。",発動,{ＣＡＲＤ}の効果を適用して発動する。,,,,,,,,,,,,,,
100260001,道化の一座 ハット,"【Ｐスケール：青７／赤７】
このカード名のＰ効果は１ターンに１度しか使用できない。
①：自分メインフェイズに発動できる。
デッキからＰモンスター以外の「道化の一座」カード１枚を墓地へ送り、このカードを特殊召喚する。
この効果の発動後、次のターンの終了時まで自分はデッキ・ＥＸデッキから特殊召喚されたモンスターの効果を発動できない。
【モンスター効果】
①：Ａ召喚したモンスターが自分フィールドに存在する限り、相手フィールドのモンスターの守備力は１５００ダウンする。
②：このカードがリリースされた場合、以下の効果から１つを選択して発動できる
（このカード名の以下の効果はそれぞれ１ターンに１度しか選択できない）。
●お互いのＥＸデッキ（表側）・フィールドのＰモンスターを全てデッキに戻す。
●デッキ・ＥＸデッキからＰモンスター以外の「道化の一座」モンスター１体を召喚条件を無視して特殊召喚する。",特殊召喚,効果を選択する,デッキに戻す,特殊召喚,,,,,,,,,,,,
100261001,ファニー・ダーク・ラビット,"①：このカードが召喚・特殊召喚した時に適用する。
このターン、自分は通常召喚に加えて１度だけ、自分メインフェイズに「トゥーン・ワールド」のカード名が記されたモンスター１体を召喚できる。
②：フィールドに「トゥーン・ワールド」が存在する限り、このカードはトゥーンモンスターとして扱う。
③：１ターンに１度、自分メインフェイズに発動できる。
デッキから「トゥーン」フィールド・永続魔法カード１枚を選び、手札に加えるか自分フィールドに表側表示で置く。",,{ＣＡＲＤ}の効果で召喚,手札に加える効果,置く,,,,,,,,,,,,
100261002,コミックキャット,"このカード名の②の効果は１ターンに１度しか使用できない。
①：フィールドに「トゥーン・ワールド」が存在する限り、このカードはトゥーンモンスターとして扱う。
②：自分・相手のメインフェイズに発動できる。
自分フィールドのモンスター１体をリリースし、手札・デッキから「トゥーン・ワールド」のカード名が記されたモンスター１体を召喚条件を無視して特殊召喚する。
自分フィールドに「トゥーン・ワールド」が存在する場合、リリースするモンスターを相手フィールドから選ぶ事もできる。",,特殊召喚,,,,,,,,,,,,,,
100261003,エビル・ボックス,"このカード名の①の効果は１ターンに１度しか使用できない。
①：自分フィールドに「トゥーン・ワールド」が存在する場合に発動できる。
このカードを手札から特殊召喚する。
その後、以下の効果を適用できる。
●デッキから「トゥーン」罠カード１枚を選び、手札に加えるか自分フィールドにセットする。
②：フィールドに「トゥーン・ワールド」が存在する限り、このカードはトゥーンモンスターとして扱う。
③：自分・相手ターンに１度、自分か相手の墓地のカード１枚を対象として発動できる。
そのカードをデッキの一番下に戻す。",特殊召喚,墓地から回収する,罠カードを選びますか？,,,,,,,,,,,,,
100261004,闇の眼を持つ幻想師・ノー・フェイス,"①：このカードを手札から捨て、以下の効果から１つを選択して発動できる
（このカード名の以下の効果はそれぞれ１ターンに１度しか選択できない）。
●手札・デッキから「心を見通す眼」１枚を自分フィールドに表側表示で置く。
●このカードを除く、「トゥーン・ワールド」のカード名が記されたモンスター１体を自分の墓地から手札に加える。
その後、そのモンスターを手札から召喚条件を無視して特殊召喚できる。
②：このカードがモンスターと戦闘を行う場合、その２体はその戦闘では破壊されない。",捨てる,罠カードを置く,モンスターを回収する,特殊召喚？,,,,,,,,,,,,
100261005,ブルーアイズ・トゥーン・アルティメットドラゴン,"「ブルーアイズ・トゥーン・ドラゴン」＋トゥーンモンスター×２	
自分の手札・フィールド・墓地の上記のカードをデッキ・ＥＸデッキに戻した場合のみ特殊召喚できる。
①：自分のトゥーンモンスターは直接攻撃できる。
②：１ターンに１度、自分メインフェイズに発動できる。
「トゥーン」カードまたはそのカード名が記されたカード１枚を自分の墓地から手札に加える。
③：自分のトゥーンモンスターが攻撃されるダメージ計算時に発動できる。
そのモンスターをダメージステップ終了時まで除外する。",,回収,除外,,,,,,,,,,,,,
100261006,完全なる世界 トゥーン・ワールド,"このカード名の②の効果は１ターンに３度まで使用できる。
①：このカードはフィールドゾーンに存在する限り、カード名を「トゥーン・ワールド」として扱う。
②：１ターンに１度、自分メインフェイズに発動できる。
「トゥーン」カードまたはそのカード名が記されたカード１枚をデッキから手札に加える。
③：他のカードが発動した効果が適用される際に、自分フィールドのトゥーンモンスター１体をその効果処理後まで除外できる
（このターン、このカード名のこの効果で元々のカード名が同じモンスターを除外できない）。",,手札に加える,,そのモンスターを除外しますか？,,,,,,,,,,,,
100261007,心を見通す眼,"このカード名の②の効果は１ターンに１度しか使用できない。
①：自分のフィールドか墓地に「トゥーン」カードが存在する限り、相手は手札を全て公開し続け、自分は相手フィールドの裏側表示カードをいつでも確認できる。
②：自分のフィールド・墓地にトゥーンモンスター及び「トゥーン」魔法カードが存在する場合、同一チェーン上で効果を発動していないカード名を１つ宣言して発動できる。
このカードが表側表示で存在する間、ターン終了時まで宣言したカードと元々のカード名が同じカードが発動した効果は無効化される。",,宣言,,,,,,,,,,,,,,
100261023,ウィッチクラフト・テラコッタン,"このカード名の①②の効果はそれぞれ１ターンに１度しか使用できない。
①：このカードが手札に存在する場合、「ウィッチクラフト・テラコッタン」以外の自分の墓地の「ウィッチクラフト」カード１枚を対象として発動できる。
そのカードを手札に加え、このカードを特殊召喚する。
このターン、自分は「ウィッチクラフト」モンスターしかＥＸデッキから特殊召喚できない。
②：自分メインフェイズに発動できる。
自分の手札・フィールドのモンスターを融合素材とし、「ウィッチクラフト」融合モンスター１体を融合召喚する。",特殊召喚,融合召喚,,,,,,,,,,,,,,
100261024,ウィッチクラフト・マルカ,"このカード名の①②の効果はそれぞれ１ターンに１度しか使用できない。
①：手札・フィールドのこのカードをリリースして発動できる。
デッキから「ウィッチクラフト」フィールド・永続魔法カード１枚を手札に加える。
②：このカードが墓地に存在する状態で、自分フィールドの表側表示の「ウィッチクラフト」モンスターが相手の効果でフィールドから離れた場合に発動できる。
このカードを特殊召喚し、相手フィールドのモンスター１体をリリースする。
この効果で特殊召喚したこのカードは、フィールドから離れた場合に除外される。",手札に加える,特殊召喚,,,,,,,,,,,,,,
100261025,大魔女サンドリヨン,"「ウィッチクラフトマスター・ヴェール」＋魔法使い族モンスター×２	
このカード名の①②の効果はそれぞれ１ターンに１度しか使用できない。
①：このカードが融合召喚した場合に発動できる。
手札・デッキからレベル７以下の「ウィッチクラフト」モンスターを３体まで特殊召喚する（同じ属性は１体まで）。
このターン、自分は融合モンスターしかＥＸデッキから特殊召喚できない。
②：このカードが墓地に存在する場合、自分エンドフェイズに、手札の魔法カード１枚を相手に見せて発動できる。
このカードを守備表示で特殊召喚する。",デッキから特殊召喚,このカードを特殊召喚,,,,,,,,,,,,,,
100261026,ウィッチクラフト・ピューピルズ,"「ウィッチクラフト」モンスター＋魔法使い族モンスター	
このカード名の①②の効果はそれぞれ１ターンに１度しか使用できない。
①：自分・相手のメインフェイズ及びバトルフェイズに、以下の効果から１つを選択して発動できる。
●デッキから「ウィッチクラフト」魔法カード１枚を手札に加える。
●手札の「ウィッチクラフト」通常・速攻魔法カード１枚を相手に見せて発動できる。
その魔法カード発動時の効果を適用する。
②：自分エンドフェイズに発動できる。
自分の除外状態の「ウィッチクラフト」カード１枚を墓地に戻す。",発動,墓地に戻す,手札に加える効果,効果をコピーする,,,,,,,,,,,,
100261027,ウィッチクラフト・セレブレーション,"このカード名の①②の効果は１ターンに１度、いずれか１つしか使用できない。
①：以下の効果から１つを選択して発動できる。
●自分フィールドの「ウィッチクラフト」モンスター１体と相手フィールドのカード１枚を破壊する。
●自分の墓地・除外状態の魔法使い族モンスターを融合素材としてデッキに戻し、「ウィッチクラフト」融合モンスター１体を融合召喚する。
②：自分エンドフェイズに、このカードが墓地に存在し、自分フィールドに「ウィッチクラフト」モンスターが存在する場合に発動できる。
このカードを手札に加える。",発動,手札に加える,破壊効果,融合召喚,,,,,,,,,,,,
100261028,魔女の聖夜行,"このカード名の①の効果は１ターンに１度しか使用できない。
①：自分メインフェイズに発動できる。
デッキから「ウィッチクラフト」モンスター１体を手札に加える。
その後、自分の手札を１枚選んで捨てる。
②：自分ターンに、自分フィールドの「ウィッチクラフト」モンスターの効果を発動するために手札を捨てる場合、代わりにデッキから「魔女の聖夜行」以外の「ウィッチクラフト」魔法・罠カード１枚を墓地へ送る事ができる。",手札に加える,,,,,,,,,,,,,,,
100261029,ウィッチクラフト・ディストーション,"このカード名の①②の効果はそれぞれ１ターンに１度しか使用できない。
①：自分フィールドにレベル５以上の「ウィッチクラフト」モンスターが存在し、モンスターの効果・魔法・罠カードが発動した時に発動できる。
その発動を無効にし破壊する。
②：このターンに墓地へ送られていないこのカードを墓地から除外して発動できる。
デッキからレベル５以上の魔法使い族モンスター１体を手札に加える。
その後、自分の手札を１枚選んで捨てる。",発動,手札に加える,,,,,,,,,,,,,,
100261047,破械式鬼シャラ,"このカード名の①②の効果はそれぞれ１ターンに１度しか使用できない。
①：自分・相手のメインフェイズに、このカードを手札から捨てて発動できる。手札から悪魔族モンスター１体を特殊召喚する。その後、自分フィールドのカード１枚を破壊する。
②：このカードが墓地に存在する状態で、フィールドのカードが戦闘または「破械式鬼シャラ」以外のカードの効果で破壊された場合に発動できる。このカードを手札に加えるか特殊召喚する。この効果で特殊召喚したこのカードは、フィールドから離れた場合にデッキの一番下に戻る。",特殊召喚,回収,,,,,,,,,,,,,,
100261048,破械式鬼シュマ,"このカード名の①②の効果はそれぞれ１ターンに１度しか使用できない。
①：このカードが召喚した場合に発動できる。「破械式鬼シュマ」を除く、レベル４以下の「破械」モンスター１体をデッキから特殊召喚する。その後、自分フィールドのカード１枚を破壊する。このターン、自分は悪魔族モンスターしか特殊召喚できない。
②：フィールドのこのカードが戦闘または「破械式鬼シュマ」以外のカードの効果で破壊された場合に発動できる。手札・デッキから「破械式鬼シュマ」以外の「破械」モンスター１体を特殊召喚する。",デッキから特殊召喚,手札・デッキから特殊召喚,,,,,,,,,,,,,,
100261050,破械焔魔天ヤマ,"「破械神」モンスターを含むモンスター２体以上
このカード名の①②の効果はそれぞれ１ターンに１度しか使用できない。
①：自分エンドフェイズに、このターンに破壊された自分の墓地の悪魔族モンスターを２体まで対象として発動できる。そのモンスターを特殊召喚する。この効果で特殊召喚したモンスターが自分フィールドに表側表示で存在する限り、自分は悪魔族モンスターしか特殊召喚できない。
②：フィールドのこのカードが戦闘・効果で破壊される場合、代わりに自分か相手のフィールドの表側表示カード１枚を破壊できる。",特殊召喚,,{ＣＡＲＤ}の効果で特殊召喚された,,,,,,,,,,,,,
100261051,破械神雙ラギア,"悪魔族モンスターを含むモンスター２体以上
このカード名の①②の効果はそれぞれ１ターンに１度しか使用できない。
①：相手がモンスター２体以上を同時に特殊召喚した場合、その内の１体を対象として発動できる。自分フィールドの悪魔族モンスター１体を破壊し、対象のモンスターの効果をターン終了時まで無効にする。
②：自分フィールドにリンク４以上の「破械」Ｌモンスターが存在し、フィールドのモンスターの効果が発動した時、墓地のこのカードを除外して発動できる。その効果を発動したモンスターを破壊する。",無効,破壊,,,,,,,,,,,,,,
100261053,破械習合,"このカード名の①②の効果はそれぞれ１ターンに１度しか使用できない。
①：自分フィールドの「破械神」Ｌモンスターを含む、自分・相手フィールドの表側表示モンスター２体を対象として発動できる。そのモンスター２体のみを素材として悪魔族Ｌモンスター１体のＬ召喚を行う。
②：セットされているこのカードが効果で破壊された場合に発動できる。デッキから「破械」モンスター１体を特殊召喚する。",リンク召喚,特殊召喚,,,,,,,,,,,,,,
100262001,ルクナスの吸雷 ブリーゼ,"生命エネルギーを放出することで一瞬だけ発光する未解明の犬。
目撃してしまったが最後、その愛くるしい姿が脳裏に焼き付いて離れないという。",,,,,,,,,,,,,,,,
100263001,ダークティラノ,"このカード名の①③の効果はそれぞれ１ターンに１度しか使用できない。
①：魔法カードの効果が発動したターンの自分メインフェイズに発動できる。
このカードを手札から特殊召喚する。
②：相手フィールドのモンスターが全て守備表示である限り、このカードは直接攻撃できる。
③：このカードが墓地へ送られた場合に発動できる。
デッキからレベル８以上の恐竜族モンスター１体を手札に加える。
相手フィールドにモンスターが存在する場合、さらに手札に加えたそのモンスターを特殊召喚できる。",特殊召喚,手札に加える,特殊召喚？,,,,,,,,,,,,,
100263002,アルカナフォースＸＩＩ－ＴＨＥ ＨＡＮＧＥＤ ＭＡＮ,"このカード名の①の効果は１ターンに１度しか使用できない。
①：カードの効果が発動した時、手札のこのカードを相手に見せて発動できる。
手札から「アルカナフォース」モンスター１体を守備表示で特殊召喚する。
②：このカードが召喚・反転召喚・特殊召喚した場合に発動する。
コイントスを１回行い、その裏表によって以下の効果を適用する。
●表：自分フィールドのモンスター１体を破壊し、自分はその元々の攻撃力分のダメージを受ける。
●裏：相手フィールドのモンスター１体を破壊し、その元々の攻撃力分のダメージを相手に与える。",特殊召喚,コイントス効果,,,,,,,,,,,,,,
100263003,光幻獣 カンデラード,"このカード名の①③の効果はそれぞれ１ターンに１度しか使用できない。
①：このカードが手札に存在する場合、手札から他のカード２枚を捨てて発動できる。
このカードを特殊召喚する。
その後、コイントスを行う効果を持つカード１枚をデッキから手札に加える事ができる。
②：このカードの攻撃力・守備力は、自分の手札の数×１０００アップする。
③：デッキからカードを手札に加える効果を含む、魔法・罠・モンスターの効果が発動した時に発動できる。
その効果を無効にする。",特殊召喚,無効,手札に加える？,,,,,,,,,,,,,
100263004,プラズマ戦士エイトム,"このカード名はルール上「磁石の戦士」カードとしても扱う。
このカードは通常召喚できない。
「プラズマ戦士エイトム」は１ターンに１度、自分フィールドのレベル７以上のモンスター１体をリリースした場合のみ手札・墓地から特殊召喚できる。
①：１ターンに１度、「プラズマ戦士エイトム」を除く、「マグネット・ウォリアー」モンスターか「磁石の戦士」モンスター１体をデッキから墓地へ送って発動できる。
このターン、このカードの元々の攻撃力は１５００になり、直接攻撃できる。",,直接攻撃,,,,,,,,,,,,,,
100263005,白騎士団のロード,"このカード名の①の効果は１ターンに１度しか使用できない。
①：自分の墓地からモンスター３体を除外して発動できる。
このカードを手札から特殊召喚する。
その後、以下の効果から１つを選んで適用できる。
●手札・デッキから「ホワイトナイツ」モンスター１体を特殊召喚する。
●デッキから「白のヴェール」１枚を手札に加える。
②：このカードが相手モンスターと戦闘を行う攻撃宣言時に発動する。
その相手モンスターの攻撃力を０にする。
③：このカードが相手によって破壊された場合に発動する。
相手に１０００ダメージを与える。",特殊召喚,攻撃力を０にする,ダメージを与える,効果を処理しない,特殊召喚,手札に加える,,,,,,,,,,
100263006,不死のデスロード,"このカード名の①②の効果はそれぞれ１ターンに１度しか使用できない。
①：このターンにモンスターが戦闘で破壊されている場合、エンドフェイズに発動できる。
このカードを手札・墓地から特殊召喚する。
このターンに「不死のデスロード」が戦闘で破壊されている場合、この効果で特殊召喚したこのカードは、元々の攻撃力は３０００になり、効果では破壊されない。
②：自分メインフェイズに発動できる。
相手フィールドのカードの数＋１枚だけ、デッキから「一撃必殺！居合いドロー」を含むカードを相手に見せ、好きな順番でデッキの上に置く。",特殊召喚,デッキの上に置く,デッキの上に置くカードを選択してください。,,,,,,,,,,,,,
100263007,Ｅ・ＨＥＲＯ クレイガードマン,"「Ｅ・ＨＥＲＯ」モンスター＋戦士族モンスター	
このカード名の①の効果は１ターンに１度しか使用できない。
①：このカードが特殊召喚した場合に発動できる。
デッキから「Ｅ・ＨＥＲＯ」モンスター１体を特殊召喚する。
相手フィールドにカードが存在する場合、さらにその数×４００ダメージを相手に与える事ができる。
このターン、自分は「ＨＥＲＯ」モンスターしかＥＸデッキから特殊召喚できない。
②：このカードがモンスターゾーンに存在する限り、自分フィールドの他の「Ｅ・ＨＥＲＯ」モンスターは戦闘・効果では破壊されない。",特殊召喚,ダメージを与えますか？,,,,,,,,,,,,,,
100263008,ドールハンマー,"このカード名の①②の効果はそれぞれ１ターンに１度しか使用できない。
①：自分フィールドのモンスター１体を対象として発動できる。
そのモンスターを破壊し、自分は２枚ドローする。
その後、相手フィールドのモンスター１体の表示形式を変更できる。
②：このカードが墓地に存在する状態で、自分の墓地からモンスターが特殊召喚された場合に発動できる。
このカードを手札に加える。",発動,回収,表示形式を変更しますか？,,,,,,,,,,,,,
100263009,速攻召喚,"このカード名の②の効果は１ターンに１度しか使用できない。
①：モンスター１体の通常召喚を行う。
その際、相手フィールドにモンスターが存在していれば、レベル５以上のモンスターを召喚する場合に必要なリリースをなくす事ができる。
②：自分メインフェイズに、このターンに墓地へ送られていないこのカードを墓地から除外して発動できる。
通常召喚可能なレベル５以上のモンスター１体を自分のデッキ・墓地から手札に加える。
その後、そのモンスター１体のＡ召喚を行う。",発動,手札に加える,{ＣＡＲＤ}の効果を適用してリリースなしで召喚しますか？,,,,,,,,,,,,,
100263010,Ｄ－バースト,"このカード名のカードは１ターンに１枚しか発動できない。
①：自分フィールドの表側表示の魔法カード１枚を対象として発動できる。
そのカードを破壊し、自分は１枚ドローする。
その後、自分フィールドに「Ｄ－ＨＥＲＯ」モンスターが存在する場合、自分の手札・墓地・除外状態の「Ｄ－ＨＥＲＯ」モンスター１体を特殊召喚できる。
②：装備カードを装備しているモンスターまたは「Ｄ－ＨＥＲＯ ドグマガイ」が攻撃したダメージステップ終了時、墓地のこのカードを除外して発動できる。
その攻撃モンスターはもう１度だけ続けて攻撃できる。",ドロー,もう１度攻撃する,特殊召喚？,,,,,,,,,,,,,
100264002,デーモンの根源,"このカード名の①②③の効果はそれぞれ１ターンに１度しか使用できない。
①：このカードが手札に存在する場合、このカード以外の自分の手札・フィールドの「デーモン」モンスター１体をリリースして発動できる。このカードを特殊召喚する。
②：このカードが召喚・特殊召喚した場合に発動できる。自分の手札・デッキ・墓地から攻撃力２５００の悪魔族・レベル６モンスター１体を特殊召喚する。
③：自分フィールドに「デーモンの召喚」が存在し、相手がモンスターの効果を発動した時に発動できる。その発動を無効にし破壊する。",このカードを特殊召喚,特殊召喚,無効にして破壊する,,,,,,,,,,,,,
100264003,魔降雷,"このカード名はルール上「デーモン」カードとしても扱う。
このカード名の①②の効果はそれぞれ１ターンに１度しか使用できない。
①：自分フィールドの「デーモン」モンスター１体を対象として発動できる。そのモンスターの攻撃力は６００アップする。その後、そのモンスターの攻撃力より低い元々の攻撃力を持つ相手フィールドのモンスターを全て破壊できる。
②：自分メインフェイズに墓地のこのカードを除外し、自分の墓地の攻撃力２５００の悪魔族・レベル６モンスター１体を対象として発動できる。そのモンスターを手札に加える。",発動,回収,そのモンスターを破壊しますか？,,,,,,,,,,,,,
101304081,Ｇａｍｉｎｇ Ｇａｍｅｒ ＧＧ,"機械族レベル４モンスター×２	
このカード名の②の効果は１ターンに１度しか使用できない。
①：このカードが特殊召喚した場合に発動できる。
相手フィールドのモンスターを全て攻撃表示にする。
②：相手のフィールドか墓地にモンスターが存在する場合、このカードのＸ素材を１つ取り除いて発動できる。
デッキ・ＥＸデッキから機械族モンスター１体を墓地へ送る。
その後、以下の効果を適用できる。
●自分の墓地の機械族Ｘモンスター１体を選ぶ。
このカードのカード名はエンドフェイズまでそのモンスターと同じになる。",攻撃表示にする,墓地へ送る,このカードのカード名を変更しますか？,,,,,,,,,,,,,
101304082,Ｆａｔａ Ｄｒａｇｎａ,"同じ種族・属性でレベルが異なるモンスター×２	
このカード名の②の効果は１ターンに１度しか使用できない。
①：相手は自分フィールドの融合モンスターを効果の対象にできない。
②：このカードが融合召喚の素材となって墓地へ送られた場合に発動できる。
自分のＥＸデッキから融合モンスター１体を守備表示で特殊召喚する。
この効果で特殊召喚したモンスターの効果は無効化され、エンドフェイズにＥＸデッキに戻る。
このターン、自分は融合モンスターしかＥＸデッキから特殊召喚できない。",,特殊召喚,,,,,,,,,,,,,,
101304083,Ｓｈａｄｅ ｔｈｅ Ｏｂｓｃｕｒｅ,"【Ｐスケール：青１１／赤１１】
このカード名の②のＰ効果は１ターンに１度しか使用できない。
①：自分はＰモンスター以外のモンスターをＰ召喚できない。
この効果は無効化されない。
②：攻撃力１０００以下のモンスターが特殊召喚された場合に発動できる。
このカードを手札に戻す。
【モンスター効果】
このカード名の①②のモンスター効果はそれぞれ１ターンに１度しか使用できない。
①：自分のＰゾーンにカードが存在する場合に発動できる。
このカードを手札から特殊召喚する。
②：１０００ＬＰを払って発動できる。
自分の手札・フィールド（表側表示）のＰモンスターカード１枚を破壊する。
その後、自分のデッキからＰモンスター１体をＥＸデッキに表側で加える事ができる。",,手札に戻す,特殊召喚,破壊,このカードをＥＸデッキに加えますか？,ＥＸデッキに加えるカードを選んでください,,,,,,,,,,
101304084,ＶＩＰ Ｗｈａｌｅ,"①：このカードを表側表示でＡ召喚する場合、リリースするモンスターを増やす事ができる。
②：このカードがＡ召喚した場合に発動できる。
このカードのＡ召喚のためにリリースしたモンスターの数と同じ数だけ、このカードにＶＩＰ Ｃｏｕｎｔｅｒを置く。
③：相手がカードの効果を発動した時、このカードのＶＩＰ Ｃｏｕｎｔｅｒを１つ取り除いて発動できる。
コイントスを１回行い、裏表を当てる。
当たった場合、その効果を無効にする。
ハズレの場合、このカードの元々の攻撃力はターン終了時まで半分になる。",任意の数のモンスターをリリースしてアドバンス召喚,カウンターを置く,コイントス,,,,,,,,,,,,,
101304085,Ｇｅｎｉａ ｏｆ ｔｈｅ Ｒｉｎｇ,"このカード名の①②の効果はそれぞれ１ターンに１度しか使用できない。
①：このカードが手札に存在する場合、フィールドの表側表示モンスター１体を対象として発動できる。
このカードを特殊召喚し、対象のモンスターは魔法使い族になる。
このターン、対象のモンスターは１度だけ効果では破壊されない。
この効果の発動後、ターン終了時まで自分は魔法使い族モンスターしかＥＸデッキから特殊召喚できない。
②：このカードが魔法使い族モンスターの効果を発動するために、リリースまたは除外された場合に発動できる。
このカードを手札に加える。",特殊召喚,手札に戻す,,,,,,,,,,,,,,
101304086,Ｃｈｅｃｋｋｅｒ,"自分フィールドにモンスターが存在する場合、このカードは通常召喚できない。
このカード名の①②の効果はそれぞれ１ターンに１度しか使用できない。
①：このカードをリリースして発動できる。
攻撃力と守備力の数値が同じ機械族モンスター１体をデッキから特殊召喚する。
この効果で特殊召喚したモンスターはエンドフェイズに手札に戻る。
②：墓地のこのカードを除外し、手札を１枚捨てて発動できる。
自分フィールドに「Ｉｒｏｎ Ｒｕｂｂｌｅ Ｔｏｋｅｎ」（機械族・地・星１・攻／守０）１体を特殊召喚する。
この効果で特殊召喚したトークンは融合・Ｓ・Ｌ召喚の素材にできない。",,特殊召喚,トークンを特殊召喚する,,,,,,,,,,,,,
101304087,Ｒｕｓｔｉｎ Ｍａｍｍｏｔｈ,"このカード名の①②の効果はそれぞれ１ターンに１度しか使用できない。
①：このカードが手札に存在する場合、リンクマーカーの合計が５になるように、自分のＥＸデッキから機械族Ｌモンスターを任意の数だけ除外して発動できる。
このカードを特殊召喚する。
②：自分フィールドのカード１枚と相手フィールドのカード１枚を対象として発動できる
（このカードがリンク３以上の機械族モンスターとリンク状態の場合、この効果は相手ターンでも発動できる）。
そのカードを手札に戻す。",特殊召喚,手札に戻す,,,,,,,,,,,,,,
101304088,Ｏｆｆｉｃｉａｔｉｎｇ Ｒｅｖｅｒｉｅ,"このカード名の①②③の効果はそれぞれ１ターンに１度しか使用できない。
①：このカードが手札に存在する場合、手札から他のカード１枚を捨てて発動できる。
このカードを特殊召喚する。
②：このカードが墓地に存在する状態で、Ｘモンスターが自分の墓地へ送られた場合、墓地のこのカードを除外して発動できる。
自分の墓地からアンデット族モンスター１体を特殊召喚する。
③：このカードが除外された次のターンのスタンバイフェイズに、自分フィールドのアンデット族Ｘモンスター１体を対象として発動できる。
このカードをそのモンスターのＸ素材とする。",特殊召喚,墓地から特殊召喚,Ｘ素材として,,,,,,,,,,,,,
101304089,Ｏｆｆｉｃｉａｔｏｒ ｏｆ Ｄｏｏｍ Ｓａｍｕｅｌ,"レベル６モンスター×２	
このカード名の①②の効果はそれぞれ１ターンに１度しか使用できない。
①：自分・相手のメインフェイズに、このカードのＸ素材を１つ取り除き、自分の墓地のアンデット族モンスター１体を対象として発動できる。
そのモンスターを特殊召喚する。
その後、そのモンスターの攻撃力以下の攻撃力を持つ相手フィールドの表側表示モンスター１体の効果を無効にできる。
②：このカードが墓地へ送られた場合、自分か相手の墓地のモンスター１体を対象として発動できる。
そのモンスターをデッキに戻す。",特殊召喚,デッキに戻す,そのモンスターの効果を無効にしますか？,,,,,,,,,,,,,
101304090,ＧＭＸ Ｐａｒｔｎｅｒ Ｓｅｌａｎｄｅａ,"このカード名の①②の効果はそれぞれ１ターンに１度しか使用できない。
①：手札のこのカードを相手に見せて発動できる。
手札から「ＧＭＸ」モンスターか恐竜族モンスター１体を特殊召喚する。
このターン、自分は「ＧＭＸ」モンスターでしか直接攻撃できない。
②：このカードがモンスターの効果で特殊召喚した場合に発動できる。
自分の手札・墓地・除外状態のレベル４以下の「ＧＭＸ」モンスターか恐竜族モンスター１体を守備表示で特殊召喚する。",手札から特殊召喚する,手札・墓地・除外状態から特殊召喚,,,,,,,,,,,,,,
101304091,ＧＭＸ Ｓｕｐｐｒｅｓｓｉｏｎ Ｓｑｕａｄ,"このカード名の①②の効果はそれぞれ１ターンに１度しか使用できない。
①：自分フィールドに「ＧＭＸ」モンスターか恐竜族モンスターが存在する場合に発動できる。
このカードを手札から特殊召喚する。
②：フィールドの表側表示モンスター１体を対象として発動できる。
恐竜族モンスターが出るまで自分のデッキの上からカードをめくり、その恐竜族モンスターを墓地へ送る。
墓地へ送った場合、対象のモンスターはターン終了時まで恐竜族になる。
残りのめくったカードはデッキに戻す。",特殊召喚,カードをめくる,,,,,,,,,,,,,,
101304092,Ｅｖｏｌｖｅｄ Ｄａｎｅｅｎ,"「Ｒｅｔｕｒｎｅｄ Ｄｉｎｏ Ｄａｎｅｅｎ」＋恐竜族モンスター	
このカード名の①の効果は１ターンに１度しか使用できない。
①：このカードが特殊召喚した場合に発動できる。
デッキから「ＧＭＸ」カード１枚を手札に加える。
②：自分が「ＧＭＸ」カードの効果でカードをめくった場合、このカードがどこに存在するかによって以下の効果を発動できる
（このカード名の以下の効果はそれぞれ１ターンに１度しか使用できない）。
●フィールド：自分は１５００ＬＰ回復する。
●墓地：このカードを特殊召喚する。",手札に加える,効果を発動する,,,,,,,,,,,,,,
101304093,ＧＭＸ － ＣＯＭＰＲＥＸ,"「ＧＭＸ」モンスター＋恐竜族モンスター×２体以上	
①：このカードは、このカードの融合素材とした恐竜族モンスターの数によって以下の効果を得る。
●３体以上：相手はこのカードを効果の対象にできない。
●４体以上：このカードは１度のバトルフェイズ中に３回攻撃できる。
●５体以上：相手がモンスターを召喚・特殊召喚する度に、相手は８００ＬＰを失う。
②：１ターンに１度、自分が「ＧＭＸ」カードの効果でカードをめくった場合に発動できる。
フィールドの他のモンスターを全て破壊する。",,破壊,恐竜族モンスター３体以上を融合素材にした,恐竜族モンスター４体以上を融合素材にした,恐竜族モンスター５体以上を融合素材にした,,,,,,,,,,,
101304094,ＧＭＸ ５５ｔｈ Ｅｘｐｅｒｉｍｅｎｔ Ｒｅｐｏｒｔ,"このカード名の①②の効果は１ターンに１度、いずれか１つしか使用できない。
①：自分の手札・フィールドのモンスターを融合素材とし、恐竜族モンスター１体を融合召喚する。
相手フィールドにモンスターが存在する場合、自分のデッキの「ＧＭＸ」モンスターも１体まで融合素材とする事もできる。
②：自分メインフェイズに、墓地のこのカードを除外して発動できる。
「ＧＭＸ」カードが出るまで自分のデッキの上からカードをめくり、その「ＧＭＸ」カードを手札に加える。
残りのめくったカードはデッキに戻す。",融合召喚,カードをめくる,,,,,,,,,,,,,,
101304095,ＧＭＸ Ｌａｂ #５,"このカード名の②の効果は１ターンに１度しか使用できない。
①：自分の「ＧＭＸ」モンスターの召喚・特殊召喚成功時に相手はカードの効果を発動できない。
②：自分メインフェイズに発動できる。
デッキから「ＧＭＸ Ｌａｂ #５」以外の「ＧＭＸ」魔法・罠カード１枚をセットする。
その後、自分の手札１枚をデッキの一番上に戻す。",,セット,,,,,,,,,,,,,,
101304096,Ａｎｔｉ－ＧＭＸ Ｆｉｎａｌ Ｅｘｐｅｒｉｍｅｎｔ,"自分フィールドに「ＧＭＸ」モンスターが存在する場合にこのカードを発動できる。
①：１ターンに１度、相手フィールドのモンスターの効果が発動した時に発動できる。
自分のデッキの上からカードを５枚めくる。
その中に「ＧＭＸ」カードがあった場合、その発動した効果を無効にする。
その後、めくったカードを好きな順番でデッキの上か下に戻す。",カードをめくる,デッキの上に戻す,デッキの下に戻す,,,,,,,,,,,,,
101304186,Ｉｒｏｎ Ｒｕｂｂｌｅ Ｔｏｋｅｎ,「Ｃｈｅｃｋｋｅｒ」の効果で特殊召喚される。,,,,,,,,,,,,,,,,
101305001,超魔剣士ブラック・カオス,"このカードは通常召喚できない。
「超魔剣士ブラック・カオス」は１ターンに１度、自分の手札・墓地から魔法使い族・戦士族の儀式モンスター１体をデッキに戻した場合のみ特殊召喚できる。
①：このカードを手札から捨てて発動できる。
自分のデッキ・墓地から「光と闇の儀式」のカード名が記された永続罠カード１枚を自分フィールドに表側表示で置く。
②：自分の墓地に儀式魔法カードが存在する限り、このカードは相手が発動した効果を受けない。
③：１ターンに１度、自分メインフェイズに発動できる。
相手フィールドのカード２枚を除外する。",置く,除外,,,,,,,,,,,,,,
101305002,混沌の魔王－スカル・デーモン,"このカード名の①②の効果はそれぞれ１ターンに１度しか使用できない。
①：このカードが手札・墓地に存在する場合、このカードを除く、「光と闇の儀式」のカード名が記されたカードを含む自分・相手の墓地・除外状態（表側）のカードを合計３枚対象として発動できる。
そのカードを好きな順番でデッキの下に戻し、このカードを特殊召喚する。
②：このカードが墓地へ送られた場合、手札・デッキから儀式魔法カード１枚を墓地へ送って発動できる。
そのカードにカード名が記された儀式モンスター１体をデッキから手札に加える。",特殊召喚,手札に加える効果,,,,,,,,,,,,,,
101305003,エルフの聖賢者,"このカード名の①②の効果はそれぞれ１ターンに１度しか使用できない。
①：このカードが召喚・特殊召喚した場合に発動できる。
自分の手札を全て相手に見せる。
その中に「光と闇の儀式」のカード名が記されたカードがあった場合、自分は３枚ドローできる。
ドローした場合、さらに自分は手札を２枚選んで捨てる。
この効果の発動後、ターン終了時まで自分は１回しかＥＸデッキからモンスターを特殊召喚できない。
②：このカードをリリースして発動できる。
手札から「光と闇の儀式」のカード名が記された儀式モンスター１体を特殊召喚する。",ドロー,特殊召喚,１枚ドローしますか？,,,,,,,,,,,,,
101305004,グリフォー,"このカード名の①の効果は１ターンに１度しか使用できない。
①：自分・相手ターンに、このカードを手札から捨て、以下の効果から１つを選択して発動できる。
●このターン、自分が受ける戦闘・効果ダメージは１度だけ０になる。
●デッキから「光と闇の儀式」のカード名が記された魔法・罠カード１枚を自分フィールドにセットする。
この効果でセットしたカードはセットしたターンでも発動できる。
②：レベル８儀式モンスター１体を儀式召喚する場合、このカード１枚で儀式召喚に必要な分のリリースとして使用できる。",手札を捨てて効果を発動する,ダメージ変更,魔法・罠をセットする,{ＣＡＲＤ}の効果を適用して発動する。,,,,,,,,,,,,
101305005,劫火の三幻魔－神炎皇ウリア,"このカードは通常召喚できず、「三幻魔」カードの効果でのみ特殊召喚できる。
このカード名の①の効果は１ターンに１度しか使用できない。
①：手札のこのカードを相手に見せて発動できる。
デッキから「三幻魔」罠カード１枚を手札に加える。
その後、自分の手札を１枚選んで捨てる。
②：このカードの攻撃力・守備力は、お互いの墓地の罠カードの数×１０００アップする。
③：自分・相手ターンに１度、フィールドの魔法・罠カード１枚を対象として発動できる
（この発動に対してお互いは効果を発動できない）。
そのカードを破壊する。",手札に加える効果,破壊効果,,,,,,,,,,,,,,
101305006,罪禍の三幻魔－降雷皇ハモン,"このカードは通常召喚できず、「三幻魔」カードの効果でのみ特殊召喚できる。
このカード名の①の効果は１ターンに１度しか使用できない。
①：手札のこのカードを相手に見せて発動できる。
デッキから「三幻魔」魔法カード１枚を手札に加える。
その後、自分の手札を１枚選んで捨てる。
②：１ターンに１度、モンスターが相手の墓地へ送られた場合に発動する。
相手に１０００ダメージを与える。
③：このカードが戦闘・効果で破壊された場合に発動できる。
このターン、自分が受ける全てのダメージは０になる。",手札に加える効果,ダメージ効果,ダメージ無効,,,,,,,,,,,,,
101305007,無窮の三幻魔－幻魔皇ラビエル,"このカードは通常召喚できず、「三幻魔」カードの効果でのみ特殊召喚できる。
このカード名の①の効果は１ターンに１度しか使用できない。
①：手札のこのカードを相手に見せて発動できる。
デッキから「無窮の三幻魔－幻魔皇ラビエル」以外の「三幻魔」モンスター１体を手札に加える。
その後、自分の手札を１枚選んで捨てる。
②：自分・相手ターンに１度、自分フィールドの他の「三幻魔」モンスター２体をリリースして発動できる。
相手フィールドのモンスターを全て破壊し、このカードの攻撃力は破壊した数×１０００アップする。",手札に加える効果,破壊効果,,,,,,,,,,,,,,
101305008,三幻魔の操世者,"このカード名の①②③の効果はそれぞれ１ターンに１度しか使用できない。
①：手札のこのカードを相手に見せて発動できる。
自分の手札を１枚選んで捨て、手札からレベル８以外の「三幻魔」モンスター１体を守備表示で特殊召喚する。
②：手札を１枚捨てて発動できる。
捨てたカードを除く、レベル８以外の「三幻魔」モンスター１体を自分の手札・墓地から守備表示で特殊召喚する。
③：墓地のこのカードを除外して発動できる。
自分の墓地からレベル８以外の「三幻魔」モンスター１体を守備表示で特殊召喚する。",特殊召喚,特殊召喚,特殊召喚,,,,,,,,,,,,,
101305009,三幻魔の殉教者,"このカード名の①②③の効果はそれぞれ１ターンに１度しか使用できない。
①：このカードが召喚・特殊召喚した場合に発動できる。
デッキから「三幻魔」フィールド魔法・永続魔法・永続罠カード１枚を自分フィールドに表側表示で置く。
②：自分フィールドに他の「三幻魔」モンスターが存在する場合に発動できる。
自分の手札・デッキ・墓地から「三幻魔の殉教者」２体を特殊召喚する。
③：相手エンドフェイズに、自分の墓地にこのカードとレベル１０の「三幻魔」モンスターが存在する場合に発動できる。
このカードを手札に加える。",魔法・罠をセット,特殊召喚,手札に加える,,,,,,,,,,,,,
101305010,ウィスカ・ブリッツクリーク,"このカード名の①②の効果はそれぞれ１ターンに１度しか使用できない。
①：自分の「ブリッツクリーク」カードの効果でカードを破壊した自分・相手ターンに、手札のこのカードを相手に見せて発動できる。
手札から雷族モンスターを３体まで特殊召喚する。
その後、その数までフィールドのカードを破壊できる。
このターン、自分は手札からしか効果モンスターを特殊召喚できない。
②：手札以外でモンスターの効果が発動した時、自分フィールドの他の雷族モンスター１体を手札に戻して発動できる。
その発動を無効にし破壊する。",特殊召喚,発動を無効にする,カードを破壊しますか？,,,,,,,,,,,,,
101305011,サージ・ブリッツクリーク,"このカード名の①②の効果はそれぞれ１ターンに１度しか使用できない。
①：手札のこのカードを相手に見せ、フィールドのモンスター１体を対象として発動できる。
そのモンスターを破壊し、手札から雷族モンスター１体を特殊召喚する。
このターン、自分は手札からしか効果モンスターを特殊召喚できない。
②：このカードがモンスターゾーンに存在する状態で、このカード以外のカードが効果で破壊された場合に発動できる。
デッキから「サージ・ブリッツクリーク」以外の「ブリッツクリーク」モンスター１体を手札に加える。",特殊召喚,手札に加える効果,,,,,,,,,,,,,,
101305012,クラック・ブリッツクリーク,"このカード名の①②の効果はそれぞれ１ターンに１度しか使用できない。
①：相手ターンに、相手がフィールドのモンスターの効果を発動した時、手札のこのカードを相手に見せて発動できる。
そのモンスターを破壊し、手札から雷族モンスター１体を特殊召喚する。
このターン、自分は手札からしか効果モンスターを特殊召喚できない。
②：このカードがモンスターゾーンに存在する状態で、このカード以外のカードが効果で破壊された場合に発動できる。
デッキから「ブリッツクリーク」魔法・罠カード１枚を墓地へ送る。",破壊効果,墓地へ送る,,,,,,,,,,,,,,
101305013,グレイン・ブリッツクリーク,"このカード名の①②の効果はそれぞれ１ターンに１度しか使用できない。
①：手札のこのカードを相手に見せ、フィールドの魔法・罠カード１枚を対象として発動できる。
そのカードを破壊し、手札から雷族モンスター１体を特殊召喚する。
このターン、自分は手札からしか効果モンスターを特殊召喚できない。
②：このカードがモンスターゾーンに存在する状態で、このカード以外のカードが効果で破壊された場合に発動できる。
デッキから「ブリッツクリーク」魔法カードか「天空城塞クーロン」１枚を手札に加える。",特殊召喚,手札に加える効果,,,,,,,,,,,,,,
101305014,エミ・ブリッツクリーク,"このカード名の①②の効果はそれぞれ１ターンに１度しか使用できない。
①：このカードがドロー以外の方法で手札に加わった場合、このカードを相手に見せ、フィールドのカード１枚を対象として発動できる。
そのカードを破壊し、手札から雷族モンスター１体を特殊召喚する。
このターン、自分は手札からしか効果モンスターを特殊召喚できない。
②：このカードがモンスターゾーンに存在する状態で、このカード以外のカードが効果で破壊された場合に発動できる。
デッキから「ブリッツクリーク」罠カード１枚を手札に加える。",特殊召喚,手札に加える効果,,,,,,,,,,,,,,
101305015,追憶のアレイスター,"このカード名の①②の効果はそれぞれ１ターンに１度しか使用できない。
①：このカードが手札に存在する場合、フィールドの魔法使い族モンスターか融合モンスター１体を対象として発動できる。
このカードを特殊召喚し、対象のモンスターの攻撃力をターン終了時まで１０００アップする。
②：このカードが召喚・特殊召喚・リバースした場合、ＥＸデッキから「召喚獣」モンスター１体を除外して発動できる。
「召喚魔術」またはそのカード名が記された魔法カード１枚をデッキから手札に加える。",特殊召喚,手札に加える効果,,,,,,,,,,,,,,
101305016,法の神霊アイワス,"このカード名の①②の効果はそれぞれ１ターンに１度しか使用できない。
①：手札・フィールドのこのカードを除外して発動できる。
デッキから「アレイスター」モンスター１体を手札に加える。
フィールドで発動した場合、さらに魔法使い族モンスター１体の召喚を行う事ができる。
②：このカードが墓地に存在する状態で、自分フィールドの表側表示の融合モンスターが戦闘以外で墓地へ送られた場合に発動できる。
このカードを特殊召喚する。
その後、自分の手札・フィールドのモンスターを融合素材とし、「召喚獣」モンスター１体を融合召喚できる。",手札に加える効果,特殊召喚,通常召喚しますか？,融合召喚しますか？,,,,,,,,,,,,
101305017,人工神霊ヴィラカム,"このカード名の①②③の効果はそれぞれ１ターンに１度しか使用できない。
①：自分のフィールドか墓地に「アレイスター」モンスターが存在する場合に発動できる。
このカードを手札から特殊召喚する。
②：このカードが特殊召喚した場合に発動できる。
「召喚魔術」またはそのカード名が記された魔法カード１枚をデッキから自分フィールドにセットする。
③：自分の融合モンスターの効果の発動にチェーンして、相手がカードの効果を発動した時に発動できる。
フィールドのこのカードを除外し、その相手の効果を無効にし除外する。",特殊召喚,効果をセット,効果を無効にする,,,,,,,,,,,,,
101305018,幻影騎士団ディケイクローク,"このカード名の①②③の効果はそれぞれ１ターンに１度しか使用できない。
①：このカードが手札に存在する場合、手札の他の「幻影騎士団」カード１枚を相手に見せて発動できる。
このカードを特殊召喚する。
②：このカードが召喚・特殊召喚した場合に発動できる。
デッキから「幻影騎士団」モンスター１体を手札に加える。
③：墓地のこのカードを除外し、自分フィールドのＸモンスター１体を対象として発動できる。
そのＸモンスターはこのターン、自身のランクと同じ数値のレベルのモンスターとしてＸ召喚の素材にできる。",特殊召喚,手札に加える効果,ランクをレベルとして扱う,{ＣＡＲＤ}の効果が適用中。,,,,,,,,,,,,
101305019,幻影騎士団ドゥームソルレット,"このカード名の、①の方法による特殊召喚は１ターンに１度しかできず、②③の効果はそれぞれ１ターンに１度しか使用できない。
①：自分フィールドにモンスターが存在しない場合、このカードは手札から特殊召喚できる。
②：このカードが召喚・特殊召喚した場合に発動できる。
デッキから「幻影騎士団」魔法・罠カード１枚を自分フィールドにセットする。
③：墓地のこのカードを除外し、自分フィールドのレベル３・ランク３の闇属性モンスターを２体まで対象として発動できる。
そのモンスターのレベル・ランクを１つ上げる。",特殊召喚,魔法・罠をセットする,レベル・ランクを上げる,,,,,,,,,,,,,
101305020,Ｓ－Ｆｏｒｃｅ シグナス,"このカード名の①②の効果はそれぞれ１ターンに１度しか使用できない。
①：このカードが召喚・特殊召喚した場合に発動できる。
デッキから「Ｓ－Ｆｏｒｃｅ シグナス」以外の「Ｓ－Ｆｏｒｃｅ」モンスター１体を手札に加える。
このカードの正面に相手モンスターが存在する場合、さらに自分は１枚ドローできる。
②：自分フィールドのモンスターの正面の相手モンスターが効果を発動した場合に発動できる。
自分フィールドの全ての「Ｓ－Ｆｏｒｃｅ」モンスターの攻撃力は１０００アップする。",手札に加える,攻撃力を上げる,１枚ドローしますか？,,,,,,,,,,,,,
101305021,メルフィー・ラビィーズ,"このカード名の①②の効果は１ターンに１度、いずれか１つしか使用できない。
①：相手がモンスターを召喚・特殊召喚した場合に発動できる。
このカードを手札から特殊召喚する。
その後、自分の手札・フィールドのモンスターを融合素材とし、「メルフィー」融合モンスター１体を融合召喚できる。
②：このカードが召喚・特殊召喚した場合に発動できる。
デッキから「メルフィー」モンスター１体を手札に加える。
この効果で通常モンスターを手札に加えた場合、さらに手札から獣族モンスターを任意の数だけ特殊召喚できる。",特殊召喚,手札に加える効果,融合召喚しますか？,特殊召喚？,,,,,,,,,,,,
101305022,始まりの神ファーラ,"このカード名の①②③の効果はそれぞれ１ターンに１度しか使用できない。
①：手札のこのカードと手札の魔法・罠カード１枚を相手に見せて発動できる。
次のターン終了時まで、見せた魔法・罠カード及びその同名カードの効果の発動に対してお互いは効果を発動できない。
②：このカードが魔法・罠カードの効果で手札・フィールドから墓地へ送られた場合に発動できる。
このカードを特殊召喚する。
③：このカードが墓地から特殊召喚した場合に発動できる。
相手フィールドの攻撃力が一番高いモンスター１体のコントロールを得る。",このカードと手札の魔法・罠カード１枚を公開する,特殊召喚,コントロールを得る,,,,,,,,,,,,,
101305023,繋星の雷后,"このカード名の、①の方法による特殊召喚は１ターンに１度しかできず、②③の効果はそれぞれ１ターンに１度しか使用できない。
①：このカードは自分フィールドのモンスターを２体まで手札に戻し、手札から特殊召喚できる。
②：このカードが特殊召喚した場合、手札のモンスターを任意の数だけ相手に見せ（同じレベルは１体まで）、その数だけ相手フィールドの表側表示カードを対象として発動できる。
そのカードの効果を無効にする。
③：フィールドのこのカードが効果で破壊され墓地へ送られた場合に発動できる。
このカードを手札に加える。",,無効,手札に戻す,,,,,,,,,,,,,
101305024,沼地の魔道王,"このカード名の効果は１ターンに１度しか使用できない。
①：このカードが手札に存在する場合に発動できる。
ＥＸデッキの融合モンスター１体を相手に見せ、そのモンスターにカード名が記された融合素材モンスター１体をデッキから除外する。
その後、このカードを特殊召喚する。
このターン、この効果で特殊召喚したこのカードを融合素材とする場合、この効果で除外したモンスターの同名カードとして扱う事ができる。",特殊召喚,{ＣＡＲＤ}の効果が適用中。,,,,,,,,,,,,,,
101305025,薄明の魔 レイラージュ,"【Ｐスケール：青１／赤１】
このカード名のＰ効果は１ターンに１度しか使用できない。
①：自分フィールドのＰモンスターが相手の効果で破壊される場合、その破壊されるＰモンスター１体の代わりにこのカードを破壊できる。
【モンスター効果】
このカード名の①②のモンスター効果はそれぞれ１ターンに１度しか使用できない。
①：このカードが手札に存在する場合、自分フィールドのＰモンスター１体を対象として発動できる。
そのＰモンスターを自分のＰゾーンに置き、このカードを特殊召喚する。
この効果でＰゾーンに置いたカードのＰ効果はこのターン発動できない。
②：自分・相手ターンに、このカードをリリースし、自分のＰゾーンのカード１枚を対象として発動できる。
このターン、そのカードは相手の効果では破壊されない。",,特殊召喚,耐性を付与,,,,,,,,,,,,,
101305026,グレイレイヤー,"このカード名の①②の効果はそれぞれ１ターンに１度しか使用できない。
①：このカードをリリースし、手札の機械族モンスター１体を相手に見せて発動できる。
見せたモンスターとは属性が異なる機械族モンスター１体をデッキから手札に加える。
この効果で攻撃力１２００以下のモンスターを手札に加えた場合、さらに手札から機械族モンスター１体を特殊召喚できる。
②：このカードが墓地に存在する状態で、自分のモンスターが効果で破壊された場合、このカードを除外して発動できる。
フィールドのカード１枚を破壊する。",手札に加える効果,破壊効果,特殊召喚？,,,,,,,,,,,,,
101305027,黒き混沌の魔術師ブラック・カオス,"「光と闇の儀式」により降臨
このカード名の①③の効果はそれぞれ１ターンに１度しか使用できない。
①：このカードが特殊召喚した場合に発動できる。
自分の墓地から魔法カード１枚を手札に加える。
②：このカードがモンスターゾーンに存在する限り、自分フィールドの魔法・罠カードは相手の効果では破壊されず、相手の効果では除外できず、このカードはこのカードを対象とする効果以外の相手が発動した効果を受けない。
③：相手フィールドのカード１枚を対象として発動できる。
そのカードを裏側で除外する。",魔法を回収,裏側で除外する,,,,,,,,,,,,,,
101305028,光と闇の戦士カオス・ソルジャー,"「光と闇の儀式」により降臨
このカード名の①③の効果はそれぞれ１ターンに１度しか使用できない。
①：このカードが特殊召喚した場合、相手フィールドのカード１枚を対象として発動できる。
そのカードを除外する。
②：このカードはモンスターゾーンに存在する限り、戦闘では破壊されず、このカードを対象とする効果以外の相手が発動した効果を受けない。
③：このカードが戦闘で相手モンスターを破壊した時に発動できる。
このカードの攻撃力は１５００アップし、もう１度だけ続けて攻撃できる。",除外効果,攻撃力を上げる,,,,,,,,,,,,,,
101305029,混沌の三幻魔,"通常召喚できないレベル１０モンスター×３	
「混沌の三幻魔」は１ターンに１度、融合召喚及び以下の方法でのみ特殊召喚できる。
●自分フィールドの上記のカードを墓地へ送った場合にＥＸデッキから特殊召喚できる。
①：フィールドのこのカードは１ターンに２度まで効果では破壊されない。
②：自分・相手ターンに３度まで、相手フィールドの表側表示モンスター１体を対象として発動できる（同一チェーン上では１度まで）。
そのモンスターの効果をターン終了時まで無効にする。
その後、その攻撃力の半分だけ自分のＬＰを回復できる。",効果を無効にする,ＬＰを回復しますか？,,,,,,,,,,,,,,
101305030,召喚獣ソラト,"「アレイスター」モンスター＋炎・風属性モンスター	
このカード名の①②の効果はそれぞれ１ターンに１度しか使用できない。
①：自分・相手のメインフェイズに、自分か相手の墓地のレベル６以下のモンスター１体を対象として発動できる。
そのモンスターを自分フィールドに守備表示で特殊召喚する。
この効果で特殊召喚したモンスターの効果は無効化される。
②：このカードが墓地に存在する場合に発動できる。
墓地のこのカードを含む自分のフィールド・墓地のモンスターを融合素材として除外し、「召喚獣」融合モンスター１体を融合召喚する。",特殊召喚,融合効果,,,,,,,,,,,,,,
101305031,召喚獣ベイバロン,"「アレイスター」モンスター＋光・地属性モンスター	
このカード名の①②の効果はそれぞれ１ターンに１度しか使用できない。
①：このカードが特殊召喚した場合に発動できる。
デッキから「人工神霊ヴィラカム」１体か「魔法名－「新しき世界の始まり」」１枚を手札に加える。
その後、自分か相手の墓地からモンスター１体を除外できる。
②：墓地のこのカードを除外し、自分フィールドの融合モンスター１体を対象として発動できる。
相手フィールドの全てのモンスターの攻撃力はターン終了時まで対象のモンスターの攻撃力分ダウンする。",手札に加える効果,攻撃力を変更する,カードを除外しますか？,,,,,,,,,,,,,
101305032,召喚獣オーケアノス,"「アレイスター」モンスター＋闇・水属性モンスター	
このカード名の③の効果は１ターンに１度しか使用できない。
①：このカードがメインモンスターゾーンに存在する限り、相手モンスターは他のモンスターを攻撃対象に選択できない。
②：このカードがＥＸモンスターゾーンに存在する限り、相手の墓地へ送られるモンスターは墓地へは行かず除外される。
③：墓地のこのカードを除外し、自分フィールドの融合モンスター１体を対象として発動できる。
このターン、そのモンスターは直接攻撃できる。",,直接攻撃,,,,,,,,,,,,,,
101305033,超越召喚獣アイオーン,"属性が異なる融合モンスター×２体以上	
このカード名の①②の効果は１ターンに１度、いずれか１つしか使用できない。
①：このカードが融合召喚した場合に発動できる。
その融合素材としたモンスターの数まで、自分・相手の、フィールド・墓地のカードを除外する。
３体以上を素材とした場合、さらに相手のＥＸデッキを確認してその中から３枚まで除外できる。
②：自分・相手ターンに、属性を１つを宣言して発動できる。
このカード以外のフィールドの全てのモンスターはターン終了時まで宣言した属性になる。",除外効果,属性を変更する,ＥＸデッキから除外しますか？,,,,,,,,,,,,,
101305034,わくどきメルフィーズ,"「メルフィー」モンスター＋獣族モンスター	
このカード名の①②の効果はそれぞれ１ターンに１度しか使用できない。
①：このカードが融合召喚した場合、自分フィールドの「メルフィー」カードと相手フィールドのカードをそれぞれ同じ数だけ対象として発動できる。
そのカードを手札に戻す。
②：相手がモンスターを召喚・特殊召喚した場合、またはこのカードが相手モンスターの攻撃対象に選択された場合、自分の墓地の獣族モンスター１体を対象として発動できる。
このカードのレベルを２つ下げ、対象のモンスターを特殊召喚する。",手札に戻す,特殊召喚,,,,,,,,,,,,,,
101305035,誇り高き耀聖の詩－エルフェンノーツ,"チューナー＋チューナー以外の魔法使い族モンスター１体	
このカード名の②の効果は１ターンに１度しか使用できない。
①：このカードが中央のメインモンスターゾーンに存在する限り、お互いは中央のメインモンスターゾーンのモンスターでしか攻撃宣言できない。
②：このカードが中央のメインモンスターゾーンに存在する場合、自分・相手のメインフェイズに発動できるこのカードをＥＸデッキに戻し、手札・デッキ・墓地からそれぞれ１体まで、「エルフェンノーツ」モンスターを特殊召喚する。",特殊召喚,,,,,,,,,,,,,,,
101305036,無現壊収 ヌルゲイナー,"チューナー＋チューナー以外のモンスター１体以上	
このカード名の①②の効果はそれぞれ１ターンに１度しか使用できない。
①：このカードがＳ召喚した場合に発動できる。
デッキからレベル８以上で攻撃力０のモンスター１体を手札に加える。
②：自分の墓地の攻撃力０のモンスター１体を対象として発動できる。
そのモンスターを特殊召喚する。
この効果で特殊召喚したモンスターの効果は無効化され、融合・Ｓ・Ｘ・Ｌ召喚の素材にできない。",手札に加える,特殊召喚,{ＣＡＲＤ}の効果で特殊召喚された,,,,,,,,,,,,,
101305037,幻影騎士団マレヴォレンスサイス,"闇属性レベル３モンスター×２	
このカード名の①②③の効果はそれぞれ１ターンに１度しか使用できない。
①：このカードのＸ素材を１つ取り除いて発動できる。
デッキから「幻影騎士団」モンスター１体を特殊召喚する。
②：このカードがモンスターゾーンに存在する状態で、自分が「エクシーズ・ドラゴン」モンスターをＸ召喚した場合に発動できる。
デッキから「ＲＵＭ」魔法カード１枚を手札に加える。
③：このカードが破壊された場合に発動できる。
Ｘモンスター以外の自分の除外状態の「幻影騎士団」カード１枚を手札に加える。",特殊召喚,手札に加える効果,回収効果,,,,,,,,,,,,,
101305038,メルフィーゴッド・マミィ,"獣族レベル２モンスター×３体以上	
「メルフィーゴッド・マミィ」は１ターンに１度、自分フィールドの「メルフィー・マミィ」の上に重ねてＸ召喚する事もできる。
①：このカードが特殊召喚した場合に発動できる。
自分のデッキ・墓地から「メルフィー」魔法・罠カード１枚を手札に加える。
②：このカードの攻撃力は、このカードがＸ素材としている「メルフィー」モンスターの攻撃力・守備力の合計分アップする。
③：このカードのＸ素材を５つ取り除いて発動できる。
相手フィールドのカードを全て手札に戻す。",{ＣＡＲＤ}を素材としてエクシーズ召喚しますか？,手札に加える,手札に戻す,,,,,,,,,,,,,
101305039,無垢なる祈りの獄神使,"Ｌモンスター以外のモンスター２体	
このカード名の①②の効果はそれぞれ１ターンに１度しか使用できない。
①：このカードがＬ召喚した場合、自分の墓地に「獄神」モンスターが存在していれば発動できる。
デッキから「テオリアライズ」カード１枚を手札に加える。
②：自分・相手のメインフェイズに、自分フィールドに他の天使族・闇属性モンスターが存在する場合に発動できる。
このカードを含む自分フィールドのモンスターを素材としてＬ召喚を行う。",手札に加える,リンク召喚,,,,,,,,,,,,,,
101305040,Ｓ－Ｆｏｒｃｅ ナイトスレイヤー,"「Ｓ－Ｆｏｒｃｅ」モンスターを含むモンスター２体	
このカード名の①②の効果はそれぞれ１ターンに１度しか使用できない。
①：このカードが特殊召喚した場合に発動できる。
デッキから「Ｓ－Ｆｏｒｃｅ」魔法・罠カード１枚を手札に加える。
②：自分・相手ターンに、フィールドのこのカードと手札の「Ｓ－Ｆｏｒｃｅ」カード１枚を除外して発動できる。
デッキ・ＥＸデッキから「Ｓ－Ｆｏｒｃｅ ナイトスレイヤー」以外の「Ｓ－Ｆｏｒｃｅ」モンスター１体を特殊召喚する。",手札に加える,特殊召喚,,,,,,,,,,,,,,
101305041,Ｓ－Ｆｏｒｃｅ ミスティファイ,"「Ｓ－Ｆｏｒｃｅ」モンスターを含むモンスター２体以上
このカード名の②の効果は１ターンに１度しか使用できない。
①：このカードの正面に相手モンスターが存在する限り、相手は、このカードを効果の対象にできず、モンスターが発動した効果でモンスターを特殊召喚できない。
②：自分・相手ターンに、フィールドのモンスター１体を対象として発動できる。
そのモンスターの位置をそのコントローラーの他のメインモンスターゾーンに移動する。",移動,移動するモンスターを選択してください,,,,,,,,,,,,,,
101305042,道化の一座 ドリッシュ,"儀式・融合・Ｓ・Ｘ・Ｐモンスター２体	
①：Ａ召喚した自分のモンスターは１度のバトルフェイズ中に２回攻撃できる。
②：このカードがリリースされた場合、以下の効果から１つを選択して発動できる
（このカード名の以下の効果はそれぞれ１ターンに１度しか選択できない）。
●お互いのフィールド・墓地のＬモンスターを全てＥＸデッキに戻す。
●お互いは自身の手札を全てデッキに戻す。
その後、お互いは自身が戻した数だけドローする。",リリース効果,デッキに戻す,ドロー,,,,,,,,,,,,,
101305043,ぜんなのついなぎひめ,"効果モンスター２体以上	
このカードをＬ召喚する場合、手札のモンスター１体をＬ素材にできる。
このカード名の①②の効果はそれぞれ１ターンに１度しか使用できない。
①：このカードがＬ召喚した場合に発動できる。
デッキからモンスター１体を墓地へ送る。
自分フィールドのモンスターのみを素材としてＬ召喚していた場合、墓地へ送るモンスターをＥＸデッキから選ぶ事もできる。
②：このカードがフィールドから墓地へ送られた場合、次の自分スタンバイフェイズに発動できる。
自分の墓地からモンスター１体を手札に加える。",墓地へ送る,手札に加える,,,,,,,,,,,,,,
101305044,光と闇の儀式,"このカード名の②の効果は１ターンに１度しか使用できない。
①：レベルの合計が儀式召喚するモンスターのレベル以上になるように、自分の手札・フィールドのモンスターをリリース、またはリリースの代わりに自分の墓地のモンスターを除外し、手札から「黒き混沌の魔術師ブラック・カオス」か「光と闇の戦士カオス・ソルジャー」を儀式召喚する。
②：このカードが墓地に存在する場合に発動できる。
「光と闇の儀式」のカード名が記されたカード１枚とこのカードを自分の墓地から手札に加える。",発動,回収効果,,,,,,,,,,,,,,
101305045,混沌のマジック・ボックス,"①：自分フィールドの他のカードを対象とする効果を相手が発動した時に発動できる。
その自分のカードの内１枚を手札に戻し（裏側表示のカードはめくって確認する）、フィールドのカード１枚を破壊する。
その後、手札に戻したカードとはカード名が異なる、「光と闇の儀式」のカード名が記されたモンスター１体を手札から召喚条件を無視して特殊召喚できる。
②：このカードが相手によって破壊された場合に発動できる。
手札・デッキから「光と闇の儀式」のカード名が記された儀式モンスター１体を特殊召喚する。",破壊効果,特殊召喚,特殊召喚？,,,,,,,,,,,,,
101305046,カオスシルクハット,"①：相手がモンスターの効果・通常魔法・通常罠カードを発動した時に発動できる。
デッキからカード名が異なる魔法・罠カード３枚を、カード名を「カオスシルクハット」として扱う通常モンスター（魔法使い族・闇・星８・攻／守０）として、「光と闇の儀式」のカード名が記された自分メインモンスターゾーンのモンスター１体と合わせてシャッフルして裏側守備表示でセットする。
その後、その相手が発動した効果は「相手フィールドの裏側守備表示モンスター１体を破壊する」となる。",発動,,,,,,,,,,,,,,,
101305047,三幻魔解放,"このカード名の①②の効果はそれぞれ１ターンに１度しか使用できない。
①：デッキからカード名が異なる「三幻魔」モンスター３体を手札に加える。
その後、自分の手札を２枚選んで捨てる。
②：このターンに墓地へ送られていないこのカードを墓地から除外して発動できる。
通常召喚できないレベル１０の炎族・雷族・悪魔族モンスター１体をデッキから手札に加える。",発動,手札に加える,,,,,,,,,,,,,,
101305048,三幻魔の失楽園,"このカード名の②の効果は１ターンに１度しか使用できない。
①：１ターンに３度まで、自分メインフェイズに発動できる。
このカード以外の自分の手札・フィールド（表側表示）の同じ種類（モンスター・魔法・罠）のカード３枚を墓地へ送る。
その後、自分の手札・デッキ・墓地・除外状態の「三幻魔」モンスター１体を特殊召喚できる。
この効果で特殊召喚したモンスターは、相手が発動した魔法・罠カードの効果を受けない。
②：自分フィールドに元々のレベルが１０の「三幻魔」モンスターが存在する場合に発動できる。
自分は２枚ドローする。",墓地へ送る,ドロー,特殊召喚？,{ＣＡＲＤ}の効果で特殊召喚された,,,,,,,,,,,,
101305049,三幻魔の霹靂,"このカード名の①②の効果はそれぞれ１ターンに１度しか使用できない。
①：自分メインフェイズに発動できる。
自分の手札・デッキ・墓地から「三幻魔の霹靂」２枚を自分フィールドに表側表示で置く。
その後、手札のレベル１０の「三幻魔」モンスター１体を相手に見せる事ができる。
見せた場合、さらにデッキから「三幻魔の失楽園」１枚を自分のフィールドゾーンに表側表示で置く。
②：このカードが墓地に存在する場合、相手エンドフェイズに発動できる。
このカードを手札に加える。",配置効果,手札に戻す,相手に見せますか？,,,,,,,,,,,,,
101305050,天空城塞クーロン,"このカード名の②③の効果はそれぞれ１ターンに１度しか使用できない。
①：手札から召喚・特殊召喚された自分フィールドのモンスターの攻撃力・守備力は５００アップする。
②：自分メインフェイズに発動できる。
相手フィールドに「機獣トークン」（機械族・地・星６・攻／守２０００）１体を特殊召喚し、デッキから「ブリッツクリーク」モンスター１体を手札に加える。
③：このカードが墓地に存在する状態で、自分の「ブリッツクリーク」カードの効果でカードを破壊した場合に発動できる。
このカードを手札に加える。",,特殊召喚してサーチ,手札に戻す,,,,,,,,,,,,,
101305051,雷盟－ブレイクアウェイ,"このカード名のカードは１ターンに１枚しか発動できない。
①：以下の効果から１つを選択して発動できる。
●デッキから「ブリッツクリーク」永続罠カード１枚を自分フィールドに表側表示で置く。
●自分フィールドの雷族モンスター１体を手札に戻し、フィールドのカードを１枚を対象として発動できる。
そのカードを破壊する。
②：このカードが墓地に存在する状態で、自分の「ブリッツクリーク」カードの効果でカードを破壊した場合に発動できる。
このカードを手札に加える。",発動,手札に戻す,永続罠カードをセット,破壊効果,,,,,,,,,,,,
101305052,雷盟－ステップリーダ,"このカード名の①②③の効果はそれぞれ１ターンに１度しか使用できない。
①：自分の「ブリッツクリーク」カードの効果でカードを破壊した場合、自分の墓地の雷族モンスター１体を対象として発動できる。
そのモンスターを手札に加える。
②：自分メインフェイズに発動できる。
手札から雷族モンスター１体を特殊召喚する。
その後、このカードを破壊する。
③：このカードが墓地に存在する状態で、自分の「ブリッツクリーク」カードの効果でカードを破壊した場合に発動できる。
このカードを手札に加える。",回収効果,特殊召喚,手札に戻す,,,,,,,,,,,,,
101305053,召喚魔術－「剣」,"このカード名の①②の効果はそれぞれ１ターンに１度しか使用できない。
①：自分フィールドのモンスターを融合素材とし、融合モンスター１体を融合召喚する。
「召喚獣」融合モンスターを融合召喚する場合、自分・相手の除外状態のモンスターを墓地に戻して融合素材とする事もできる。
②：自分メインフェイズにこのカードが墓地に存在する場合、自分の墓地の「アレイスター」モンスター１体か「召喚魔術」１枚を対象として発動できる。
このカードをデッキに戻し、対象のカードを手札に加える。",融合召喚,回収効果,,,,,,,,,,,,,,
101305054,神霊剣アイワス,"このカード名のカードは１ターンに１枚しか発動できない。
①：以下の効果から１つを宣言して発動できる。
このターン、自分は融合モンスターでしか攻撃できない。
●自分のデッキ・墓地から「法の神霊アイワス」１体を特殊召喚する。
●デッキから「アレイスター」モンスター１体を選び、墓地へ送るか除外する。
●相手のＥＸデッキの裏側のカードをランダムに３枚確認し、その内の１枚を選んで除外する。",発動,特殊召喚,デッキから{ＣＡＲＤ}モンスター１体を選ぶ,ＥＸデッキから除外する,,,,,,,,,,,,
101305055,絶境なる獄神域－ヴィライア,"このカード名の①②の効果はそれぞれ１ターンに１度しか使用できない。
①：「創獄神ネルヴァ」「壊獄神ユピテル」「調獄神ジュノーラ」を１体ずつ、自分のＥＸデッキ・フィールド（表側表示）・墓地から選んでお互いに確認し、このターン、自分の「獄神」モンスターの効果の発動に対して相手は効果を発動できない。
②：自分フィールドの「獄神」モンスターの効果を発動するためにデッキの上からカードを除外する場合、代わりに墓地のこのカードを除外できる。",発動,代わりに{ＣＡＲＤ}を除外しますか？,,,,,,,,,,,,,,
101305056,予幻なき日々のまぼろし,"このカード名の①②の効果は１ターンに１度、いずれか１つしか使用できない。
①：自分フィールドに「アルトメギア」、「ドゥームズ」、「エルフェンノーツ」カードのいずれかが存在する場合に発動できる。
手札・デッキから「無垢なる者 メディウス」１体を特殊召喚する。
その特殊召喚成功時に相手はカードの効果を発動できない。
②：墓地のこのカードを除外し、自分の墓地の融合・Ｓ・Ｘモンスター１体を対象として発動できる。
そのモンスターをＬモンスターのリンク先となる自分フィールドに特殊召喚する。",発動,特殊召喚,,,,,,,,,,,,,,
101305057,ＲＵＭ－幻影騎士団レクイエム,"このカード名のカードは１ターンに１枚しか発動できない。
①：自分の墓地・除外状態の「幻影騎士団」モンスターか「エクシーズ・ドラゴン」モンスター１体を対象として発動できる。
そのモンスターの効果を無効にして特殊召喚する。
その後、以下の効果を適用する。
●自分フィールドの闇属性Ｘモンスター１体を選び、そのモンスターよりランクが１つ高い、「幻影騎士団」Ｘモンスターか「エクシーズ・ドラゴン」Ｘモンスター１体を、選んだモンスターの上に重ねてＸ召喚扱いでＥＸデッキから特殊召喚する。",発動,,,,,,,,,,,,,,,
101305058,Ｓ－Ｆｏｒｃｅ オリジン,"このカード名の①②の効果はそれぞれ１ターンに１度しか使用できない。
①：自分の手札・墓地・除外状態の「Ｓ－Ｆｏｒｃｅ」モンスター１体を特殊召喚する。
この効果で特殊召喚したモンスターは、フィールドから離れた場合に除外される。
②：このカードが墓地に存在する状態で、他のカードが除外された場合、このカードを除外して発動できる。
デッキから「Ｓ－Ｆｏｒｃｅ オリジン」以外の「Ｓ－Ｆｏｒｃｅ」カード２枚を選び、その内の１枚を除外し、もう１枚を墓地へ送る。",発動,デッキ操作,,,,,,,,,,,,,,
101305059,メルフィーがころんだ,"このカードを発動するターン、自分は「メルフィー」モンスターしか特殊召喚できない。
このカード名の②の効果は１ターンに１度しか使用できない。
①：デッキから「メルフィー」モンスターを４体まで手札に加える（同名カードは１枚まで）。
その後、このターンのエンドフェイズになる。
②：墓地のこのカードを除外し、「メルフィーがころんだ」以外の自分の墓地の「メルフィー」カード２枚を対象として発動できる。
その内の１枚を手札に加え、もう１枚をデッキの一番下に戻す。",手札に加える,回収,,,,,,,,,,,,,,
101305060,霊力回復薬,"このカード名はルール上「憑依」カードとしても扱う。
このカード名の①②の効果は１ターンに１度、いずれか１つしか使用できない。
①：自分の墓地の魔法使い族モンスター及び魔法カードの中から任意の数だけ除外して発動できる。
自分フィールドの全てのモンスターの攻撃力は除外した数×２００アップし、自分は除外した数×４００ＬＰ回復する。
②：自分メインフェイズに墓地のこのカードを除外して発動できる。
手札から魔法使い族モンスターを任意の数だけ特殊召喚する（同じ属性は１体まで）。",発動,特殊召喚,,,,,,,,,,,,,,
101305061,怠慢な壺,"①：相手フィールドのカードの数だけ自分はドローする。
２枚以上ドローした場合、さらにその数－１枚だけ、自分の手札を選んで好きな順番でデッキの下に戻す。
このカードの発動後、ターン終了時まで自分は「怠慢な壺」を発動できない。",発動,,,,,,,,,,,,,,,
101305062,朽ちた祭儀要録,"このカード名の①②の効果はそれぞれ１ターンに１度しか使用できない。
①：手札・デッキから儀式魔法カード１枚を相手に見せ、そのカード名が記されたモンスター１体をデッキから手札に加える。
②：このカードが墓地に存在する状態で、自分フィールドの表側表示の儀式モンスターが効果でフィールドから離れた場合、自分フィールドに儀式モンスター以外の表側表示モンスターが存在しなければ発動できる。
このカードを手札に加える。",手札に加える効果,手札に戻す,,,,,,,,,,,,,,
101305063,超電導閃輝プラズマ・ブラスト,"このカード名のカードは１ターンに１枚しか発動できない。
①：発動ターンによって以下の効果を適用できる。
●自分ターン：デッキから雷族・岩石族モンスター１体を選んでデッキの一番上に置く。
自分のフィールドか墓地に雷族・岩石族モンスターのいずれかが存在する場合、さらにフィールドのカード１枚を破壊できる。
●相手ターン：自分のフィールド・墓地・除外状態の雷族・岩石族モンスター１体を手札に加える。
このターンにモンスターが戦闘・効果で破壊されている場合、手札に加えるモンスターをデッキから選ぶ事もできる。",発動,カードを破壊しますか？,,,,,,,,,,,,,,
101305064,夏,"①：１ターンに１度、発動できる。
使用していない相手のメインモンスターゾーンの数だけこのカードにシキカウンターを置く。
②：１ターンに１度、自分のモンスターの攻撃宣言時に発動できる。
このカードのシキカウンターの数及び自分の墓地の「春」の数×４００ダメージを相手に与える。
③：相手エンドフェイズに発動できる。
シキカウンターを置く事ができるフィールド魔法カード１枚を手札・デッキから自分フィールドに表側表示で置く（このカードのシキカウンターをそのカードに移す）。
そのカードの効果はこのターン発動できない。",カウンターを置く,ダメージを与える,フィールド魔法を置く,,,,,,,,,,,,,
101305065,二つの心,"このカード名の、①の効果は１ターンに１度しか使用できず、①②の効果は同一チェーン上では発動できない。
①：自分・相手ターンに発動できる。
デッキから「光と闇の儀式」のカード名が記されたモンスター１体を手札に加える。
その後、自分の手札を１枚選んで捨てる。
②：相手がカードの効果を発動した時、自分フィールドのレベル７以上のモンスター１体を手札に戻して発動できる。
戻したモンスターとはカード名が異なる、「光と闇の儀式」のカード名が記されたモンスター１体を手札から召喚条件を無視して特殊召喚する。",手札に加える効果,特殊召喚,,,,,,,,,,,,,,
101305066,三幻魔合殺,"このカード名の①②の効果はそれぞれ１ターンに１度しか使用できない。
①：自分の手札・墓地から「三幻魔」モンスター１体を守備表示で特殊召喚する。
その後、自分フィールドに元々のレベルが１０の「三幻魔」モンスターが２体以上存在する場合、
相手フィールドの表側表示カード１枚の効果を無効にし破壊できる。
②：墓地のこのカードを除外して発動できる。
自分の手札・フィールドのモンスターを融合素材とし、「幻魔」融合モンスター１体を融合召喚する。",特殊召喚,融合召喚,そのカードの効果を無効にしますか？,,,,,,,,,,,,,
101305067,三幻魔の神淵,"このカード名の①③の効果はそれぞれ１ターンに１度しか使用できない。
①：自分・相手のメインフェイズに発動できる。
自分の手札・デッキ・墓地から「三幻魔の神淵」２枚を自分フィールドに表側表示で置く。
②：このカードを含む自分フィールドの表側表示の「三幻魔の神淵」３枚を墓地へ送り、相手フィールドの表側表示モンスター１体を対象として発動できる。
そのモンスターを裏側守備表示にする。
③：このカードが墓地に存在する場合、相手エンドフェイズに発動できる。
このカードをデッキの一番下に戻す。",表側表示で置く,裏側守備表示にする,デッキに戻す,,,,,,,,,,,,,
101305068,雷盟－オルタネータ,"このカード名の②③の効果はそれぞれ１ターンに１度しか使用できない。
①：相手フィールドのモンスターの攻撃力・守備力は、自分フィールドの雷族モンスターの数×３００ダウンする。
②：自分の手札・フィールド（表側表示）からこのカード以外の「ブリッツクリーク」カード１枚をデッキに戻して発動できる。
戻したカードとはカード名が異なる雷族モンスター１体をデッキから手札に加える。
③：墓地のこのカードを除外して発動できる。
デッキから「ブリッツクリーク」魔法カードか「天空城塞クーロン」１枚を手札に加える。",,効果を無効にする,モンスターを回収する,,,,,,,,,,,,,
101305069,雷盟－リターンストローク,"このカード名の②③の効果はそれぞれ１ターンに１度しか使用できない。
①：このカードが魔法＆罠ゾーンに存在する限り、自分フィールドの「ブリッツクリーク」モンスターは相手の効果では破壊されない。
②：相手が魔法カードの効果を発動した時、自分フィールドの「ブリッツクリーク」モンスター１体を手札に戻して発動できる。
その効果を無効にし破壊する。
③：墓地のこのカードを除外し、自分のフィールド・墓地の「ブリッツクリーク」モンスター１体を対象として発動できる。
そのモンスターを手札に戻す。",,モンスターを手札に加える,魔法カードを手札に加える,,,,,,,,,,,,,
101305070,魔法名－「新しき世界の始まり」,"このカード名の①②の効果はそれぞれ１ターンに１度しか使用できない。
①：自分の墓地から「アレイスター」モンスターか融合モンスター１体を除外して発動できる。
ＥＸデッキから「召喚獣」モンスター１体を召喚条件を無視して特殊召喚する。
この効果で特殊召喚したモンスターはエンドフェイズに除外される。
②：このカードが墓地に存在する状態で、モンスターが表側で除外された場合、このカードを除外し、自分の除外状態の「召喚獣」モンスター１体を対象として発動できる。
そのモンスターを特殊召喚する。",特殊召喚,特殊召喚,,,,,,,,,,,,,,
101305071,終刻なる獄神影,"このカード名のカードは１ターンに１枚しか発動できない。
①：自分の手札・ＥＸデッキ（表側）・墓地から「獄神」モンスター１体を特殊召喚する。
その後、自分フィールドのモンスターの種類（融合・Ｓ・Ｘ）の数によって、以下の効果をそれぞれ適用できる。
●１種類以上：相手のデッキの上からカード３枚を裏側で除外する。
●２種類以上：相手フィールドのカード１枚を裏側で除外する。
●３種類：相手の手札をランダムに１枚裏側で除外する。",発動,デッキのカードを除外しますか？,フィールドのカードを除外しますか？,手札を除外しますか？,,,,,,,,,,,,
101305072,エルフェンノーツ～継唱のクウォートレイン～,"このカード名の②の効果は１ターンに１度しか使用できない。
①：自分の中央のメインモンスターゾーンのモンスターは相手の効果では除外できない。
②：自分の手札・フィールドからこのカード以外の魔法・罠カード１枚を墓地へ送り、１～４までの任意のレベルを宣言して発動できる。
宣言したレベルを持つ「極花の大耀聖トークン」（植物族・チューナー・炎・攻／守０）１体を自分フィールドに特殊召喚する。
この効果で特殊召喚したトークンが存在する限り、自分は「エルフェンノーツ」モンスターしかＥＸデッキから特殊召喚できない。",,特殊召喚,,,,,,,,,,,,,,
101305073,幻影騎士団アンブレイジベイル,"このカード名の①②の効果はそれぞれ１ターンに１度しか使用できない。
自分のフィールドか墓地に「幻影騎士団」モンスターが存在する場合、このカードはセットしたターンでも発動できる。
①：このカードは発動後、通常モンスター（戦士族・闇・星３・攻０／守３００）となり、モンスターゾーンに守備表示で特殊召喚する（罠カードとしては扱わない）。
その後、相手フィールドの攻撃表示モンスター１体を守備表示にできる。
②：墓地のこのカードを除外して発動できる。
闇属性Ｘモンスター１体のＸ召喚を行う。",{ＣＡＲＤ}の効果を適用して発動する。,エクシーズ召喚,表示形式を変更しますか？,,,,,,,,,,,,,
101305074,Ｓ－Ｆｏｒｃｅ ソート・ワールド,"このカード名の①②の効果はそれぞれ１ターンに１度しか使用できない。
①：自分フィールドの「Ｓ－Ｆｏｒｃｅ」モンスターの効果を発動するために手札を除外する場合、代わりにデッキから「Ｓ－Ｆｏｒｃｅ ソート・ワールド」以外の「Ｓ－Ｆｏｒｃｅ」カード１枚を墓地へ送る事ができる。
②：他のカードが除外された場合、相手のフィールド・墓地のカード１枚を対象として発動できる。
そのカードを除外する。
その後、自分フィールドの「Ｓ－Ｆｏｒｃｅ」モンスター１体の位置を他の自分のメインモンスターゾーンに移動できる。",,除外,別のゾーンに移動しますか？,,,,,,,,,,,,,
101305075,どきどきメルフィータイム,"このカード名の①②の効果はそれぞれ１ターンに１度しか使用できない。
①：自分のフィールド・墓地の「メルフィー」モンスター１体を対象として発動できる。
そのモンスターを手札に戻す。
その後、自分の手札・フィールドのモンスターを融合素材とし、獣族の融合モンスター１体を融合召喚できる。
②：自分フィールドに「メルフィー」Ｘモンスターが存在する場合、墓地のこのカードを除外して発動できる。
このターン中、ＥＸデッキから特殊召喚された自分フィールドの「メルフィー」モンスターは相手が発動した効果を受けない。",手札に戻す,影響を受けない,融合召喚しますか？,,,,,,,,,,,,,
101305076,道化一座『终演』,"このカード名の①②の効果はそれぞれ１ターンに１度しか使用できない。
①：Ａ召喚したモンスターが自分フィールドに存在する場合、手札を任意の数だけ捨て、その数だけフィールドの表側表示カードを対象として発動できる。
そのカードを破壊する。
②：墓地のこのカードを除外し、自分の手札・フィールドの儀式・融合・Ｓ・Ｘ・Ｐ・Ｌモンスター１体をリリースして発動できる。
そのモンスターとは元々のレベル・ランク・リンクの数値が異なる「道化の一座」モンスター１体を自分のデッキ・墓地から手札に加える。",破壊効果,手札に加える効果,,,,,,,,,,,,,,
101305077,嗚呼な落とし穴,"①：相手がモンスターを特殊召喚したターンに、相手がフィールドのモンスターの効果が発動した時に発動できる。
その効果を発動したモンスターを破壊する。
その後、そのモンスターが存在していたゾーンの前・後・隣のゾーン（モンスターゾーン・魔法＆罠ゾーン）に相手のカードが存在する場合、
それらを全て破壊する。 ",発動,,,,,,,,,,,,,,,
101305078,レーン・リストリクション,"①：このカードの発動時の効果処理として、
自分の除外状態のモンスター１体を自分の右端のメインモンスターゾーンに特殊召喚できる。
②：相手は自身のメインモンスターゾーンにモンスターを召喚・特殊召喚する場合、使用可能な一番左のゾーンから順に使用しなければならない。",,特殊召喚？,,,,,,,,,,,,,,
101305079,時空穿つ遡光,"①：このターンに召喚・反転召喚・特殊召喚されたモンスターを除く、フィールドのモンスターの効果を相手が発動した時に発動できる。
その発動を無効にする。
その後、このターンに召喚・反転召喚・特殊召喚されたモンスターを除く、相手フィールドの表側表示モンスターを全て裏側で除外できる。
②：セットされているこのカードが相手の効果で破壊された場合に発動できる。
デッキから罠カード１枚を自分フィールドにセットする。",発動,セット,そのモンスターを除外しますか？,,,,,,,,,,,,,
101305080,護石の作庭,"このカード名の②の効果は１ターンに１度しか使用できない。
①：自分の魔法＆罠ゾーンにカードが５枚存在する限り、お互いが受ける戦闘ダメージは半分になり、１ターンに１度、自分は永続罠カード１枚をセットしたターンに発動できる。
②：自分・相手のスタンバイフェイズに発動できる。
カード名が異なる永続罠カード５枚をデッキから相手に見せ、相手はその中からランダムに１枚選ぶ。
自分はその１枚を自分フィールドにセットし、残りをデッキに戻す。",{ＣＡＲＤ}の効果を適用して発動する。,,,,,,,,,,,,,,,
101305150,機獣トークン,「天空城塞クーロン」の効果で特殊召喚される。,,,,,,,,,,,,,,,,
101305172,極花の大耀聖トークン,"「エルフェンノーツ～継唱のクウォートレイン～」の効果で特殊召喚される。
この効果で特殊召喚したトークンが存在する限り、自分は「エルフェンノーツ」モンスターしかＥＸデッキから特殊召喚できない。",,,,,,,,,,,,,,,,
101306001,疾風の豹戦士パンサーウォリアー,"このカード名の①の効果は１ターンに１度しか使用できない。
①：自分・相手のメインフェイズに、フィールドのこのカード以外の自分の手札・フィールドのモンスター１体をリリースし、以下の効果から１つを選択して発動できる。
●「疾風の豹戦士パンサーウォリアー」を除く、「時の黒魔術師」のカード名が記されたモンスター１体を手札・デッキから特殊召喚する。
●デッキから「時の黒魔術師」のカード名が記された魔法・罠カード１枚を墓地へ送る。
②：このカードはモンスターがリリースされたターンでなければ攻撃宣言できない。",効果を発動する,,特殊召喚,墓地へ送る,,,,,,,,,,,,
101306002,ワイバーンの竜騎士,"このカード名の①②の効果はそれぞれ１ターンに１度しか使用できない。
①：このカードが手札に存在する場合、このカード以外の「時の黒魔術師」のカード名が記された手札のカード１枚を相手に見せて発動できる。このカードを特殊召喚する。
②：このカードが召喚・特殊召喚した場合に発動できる。デッキから「時の黒魔術師」のカード名が記された魔法・罠カードを２枚まで手札に加える（同名カードは１枚まで）。その後、自分の手札を１枚選んで捨てる。
③：このカードは直接攻撃できる。",特殊召喚,手札に加える,,,,,,,,,,,,,,
101306003,人造人間－サイコ・エナジー・ショッカー,"このカード名の②の効果は１ターンに１度しか使用できない。
①：このカードのカード名は、フィールド・墓地に存在する限り「人造人間－サイコ・ショッカー」として扱う。
②：このカードが召喚・特殊召喚した場合に発動できる。相手フィールドの罠カードを全て破壊する（裏側表示カードはめくって確認する）。その後、このカードの攻撃力は破壊した数×３００アップする。
③：このカードを除く、「時の黒魔術師」のカード名が記されたモンスターが自分フィールドか墓地に存在する限り、相手は罠カードの効果を発動できない。",破壊,,,,,,,,,,,,,,,
101306004,大海の伝説－フィッシャーマン,"このカード名の①②の効果はそれぞれ１ターンに１度しか使用できない。
①：相手がフィールドのモンスターの効果を発動した場合、または相手モンスターの攻撃宣言時、「大海の伝説－フィッシャーマン」を除く、「時の黒魔術師」のカード名が記されたカードまたは「海」がフィールドに存在していれば発動できる。このカードを手札から特殊召喚する。
②：このカードが特殊召喚した場合、相手フィールドのモンスター１体を対象として発動できる。そのモンスターを破壊する。このターンのエンドフェイズに、フィールドのこのカードは手札に戻る。",特殊召喚,破壊,,,,,,,,,,,,,,
101306036,真紅眼の超越黒竜,"「真紅眼の黒竜」＋「時の黒魔術師」のカード名が記されたモンスター
「真紅眼の超越黒竜」は１ターンに１度、融合召喚及び以下の方法でのみ特殊召喚できる。
●「時の黒魔術師」の効果でモンスターが破壊されたターン、自分・相手フィールドの表側表示モンスター１体をリリースした場合にＥＸデッキから特殊召喚できる。
①：このカードが特殊召喚した場合に発動できる。自分の手札・墓地からレベル８以下のモンスター１体を特殊召喚する。
②：フィールドのこのカードは相手が発動した魔法・モンスターの効果を受けない。",特殊召喚,,,,,,,,,,,,,,,
101306052,時の黒魔術師,"①：以下の効果から１つを選択して発動できる（このカード名の以下の効果はそれぞれ１ターンに１度しか選択できない）。
●「時の黒魔術師」を除く、「時の黒魔術師」のカード名が記されたカード１枚をデッキから手札に加える。このターンのエンドフェイズに、自分の墓地から「時の黒魔術師」１枚を手札に加える。
●コイントスを１回行い、表裏を当てる。当たった場合、相手フィールドのモンスターを全て破壊し、その元々の攻撃力を合計した数値の半分のダメージを相手に与える。ハズレの場合、自分フィールドのモンスターを全て破壊する。",発動,手札に加える,コイントス,,,,,,,,,,,,,
101306053,天使と悪魔のサイコロ,"①：サイコロを２回振り、このターン中、以下の効果をそれぞれ適用する。
●「時の黒魔術師」のカード名が記された自分フィールドのモンスターの攻撃力・守備力は、出た目の合計×２００アップする。
●相手フィールドのモンスターの攻撃力・守備力は、出た目の合計×２００ダウンする。
②：このカードが墓地に存在する状態で、相手がモンスターを召喚・特殊召喚した場合、このカードを除外し、その内の１体を対象として発動できる。サイコロを２回振り、出た目の合計が６以上だった場合、対象のモンスターを破壊する。",発動,サイコロを振る,,,,,,,,,,,,,,
101306054,眠れる羊 スケープ・ゴート,①：自分フィールドに「身代わり羊トークン」（獣族・地・星１・攻／守０）を４体まで守備表示で特殊召喚する。相手フィールドにモンスターが存在する場合、さらにデッキから「疾風の豹戦士パンサーウォリアー」１体を特殊召喚できる。このターン、このトークンはＡ召喚のためにはリリースできず、自分は融合モンスターしかＥＸデッキから特殊召喚できない。「時の黒魔術師」のカード名が記された自分フィールドのカードが戦闘・効果で破壊される場合、代わりにこの効果で特殊召喚した自分フィールドのトークン１体を破壊できる。,発動,特殊召喚の数を選択してください,{ＣＡＲＤ}を特殊召喚しますか？,,,,,,,,,,,,,
101306070,おろかな墓荒らし,"このカード名の①②の効果はそれぞれ１ターンに１度しか使用できない。
①：「おろかな墓荒らし」を除く、「時の黒魔術師」のカード名が記されたカード１枚をデッキから墓地へ送る。その後、自分か相手の墓地のモンスター１体を自分フィールドに特殊召喚できる。
②：墓地のこのカードを除外して発動できる。以下のいずれかのカード１枚を自分フィールドにセットする。
●「おろかな墓荒らし」を除く、「時の黒魔術師」のカード名が記された自分の墓地の魔法・罠カード
●相手の墓地の魔法・罠カード",墓地へ送る,セット,特殊召喚？,,,,,,,,,,,,,
101306071,大逆転ＢＯＸ,"①：自分・相手のスタンバイフェイズに発動する。サイコロを１回振り、出た目の数までこのカードにカウンターを置く（最大６つまで）。
②：相手モンスターが攻撃するダメージ計算時に１度、または相手フィールドのモンスターの効果が発動した時に、このカードのカウンターを１つ取り除き、その内の１体を対象として発動できる。コイントスを１回行い、表裏を当てる。当たった場合、デッキから「時の黒魔術師」のカード名が記されたモンスター１体を特殊召喚し、対象のモンスターはターン終了時まで、攻撃力が０になり、効果は無効化される。",カウンターを置く,コイントス,置くカウンターの数を選択してください,,,,,,,,,,,,,
101306154,替身羊衍生物,由「眠羊 替罪羊」的效果特殊召唤。有「时间黑魔术师」的卡名记述的自己场上的卡被战斗·效果破坏的场合，可以作为代替把这张卡破坏。,,,,,,,,,,,,,,,,
101306254,替身羊衍生物,由「眠羊 替罪羊」的效果特殊召唤。有「时间黑魔术师」的卡名记述的自己场上的卡被战斗·效果破坏的场合，可以作为代替把这张卡破坏。,,,,,,,,,,,,,,,,
101306354,替身羊衍生物,由「眠羊 替罪羊」的效果特殊召唤。有「时间黑魔术师」的卡名记述的自己场上的卡被战斗·效果破坏的场合，可以作为代替把这张卡破坏。,,,,,,,,,,,,,,,,
101306454,替身羊衍生物,由「眠羊 替罪羊」的效果特殊召唤。有「时间黑魔术师」的卡名记述的自己场上的卡被战斗·效果破坏的场合，可以作为代替把这张卡破坏。,,,,,,,,,,,,,,,,
